{
  "assetsByChunkName": {
    "vendors~app-account~app-confirmation~app-order": "chunk.b4b5108e6f9fc18841df.js",
    "vendors~app-account~app-checkout": "chunk.6a8717a13637beb33684.js",
    "vendors~app-cart~app-checkout": "chunk.89f5464c03b73a3c6c8d.js",
    "admin": [
      "admin.6b47f53e4a22ca967c51.js",
      "admin.6b47f53e4a22ca967c51.js.map"
    ],
    "app-account": "chunk.1b854c31a9fd91177b8f.js",
    "app-cart": "chunk.a460dcc3ab0f2956d3c2.js",
    "app-checkout": "chunk.32e0646aae6376834517.js",
    "app-confirmation": "chunk.3328829bf2ba30054249.js",
    "app-order": "chunk.7af8ff1755cc2d0a15eb.js",
    "checkout": [
      "checkout.792f7c2039dc1e91c852.js",
      "checkout.792f7c2039dc1e91c852.js.map"
    ],
    "storefront": [
      "storefront.2bed6f82842fa37b1f96.css",
      "storefront.7614c49c3a422a6750fd.js",
      "storefront.2bed6f82842fa37b1f96.css.map",
      "storefront.7614c49c3a422a6750fd.js.map"
    ],
    "vendors~app-account": "chunk.b3bc99e7b0375c018140.js",
    "vendors~app-cart": "chunk.692165ae3271bd6442d5.js",
    "vendors~app-checkout": "chunk.9ca976c553ce0c91cbc8.js"
  }
}