{
  "description": {
    "title": "",
    "text": ""
  },
  "links_1": {
    "list_pages": true,
    "title": "Institucional",
    "list": []
  },
  "links_2": {
    "list_categories": true,
    "title": "Categorias",
    "list": []
  },
  "contacts": {
    "title": "Atendimento",
    "phone_wpp": true,
    "socials": true,
    "email": true,
    "address": true
  },
  "stamps": [
    {
      "src": "/img/uploads/seal-1.png",
      "alt": "Secure connection"
    },
    {
      "src": "/img/uploads/seal-2.png",
      "alt": "Lets Encrypt"
    }
  ],
  "payment_methods": {
    "pix": true,
    "visa": true,
    "mastercard": true,
    "elo": true,
    "amex": true,
    "hipercard": true,
    "boleto": true
  },
  "credits": "Copyright © 2023 www.ncextreme.com.br, Todos os direitos reservados. Todo o conteúdo do site, todas as fotos, imagens, logotipos, marcas, dizeres, som, software, conjunto imagem, layout, trade dress, aqui veiculados são de propriedade exclusiva da NC EXTREME. É vedada qualquer reprodução, total ou parcial, de qualquer elemento de identidade, sem expressa autorização. A violação de qualquer direito mencionado implicará na responsabilização cível e criminal nos termos da Lei. SAC: operacao@ncextreme.com.br; CNPJ: 14.754.380/0001-64"
}