{
  "marketing_stripe": {
    "text": "5% DE DESCONTO",
    "link": ""
  },
  "contacts_stripe": {
    "pages": [
      {
        "title": "Instinto de superação",
        "link": "/pages/sobre-nos"
      },
      {
        "title": "Trabalhe conosco",
        "link": "/posts/esta-loja-e-um-pwa"
      },
      {
        "title": "Trocas & Devoluções",
        "link": "/posts/esta-loja-e-um-pwa"
      }
    ],
    "phone_wpp": false,
    "socials": false
  },
  "categories_list": {
    "featured": [],
    "random": 6,
    "full_width": true
  },
  "desktop_megamenu": true,
  "search_input": true,
  "alphabetical_order_submenu": false,
  "full_width_submenu": false
}