{
  "meta_title": "NC Extreme",
  "meta_description": "A maior fabricante de artigos esportivos com Neoprene.  Com equipamentos NC Extreme você alcança muito mais, com prevenção, proteção e performance.",
  "sections": [
    {
      "type": "banner-slider",
      "autoplay": 9000,
      "full_width": true,
      "slides": [
        {
          "img": "/img/uploads/01-site-oficial.png",
          "link": "",
          "alt": "",
          "start": "",
          "end": ""
        },
        {
          "img": "/img/uploads/03-site-oficial.png",
          "link": "",
          "alt": "",
          "start": "",
          "end": ""
        }
      ]
    },
    {
      "type": "info-bar",
      "enabled": true
    },
    {
      "type": "offers-timer",
      "max_hours": 24,
      "img": "/img/uploads/nc-banner.png",
      "start": "2023-03-07T12:53:18.119Z",
      "end": "2023-05-31T02:59:18.464Z",
      "offers": [
        "643d46ea4bd2e929c1d30e9a"
      ],
      "notes": "Liquida já"
    },
    {
      "type": "collection-shelf",
      "shuffle": true,
      "collection_id": null,
      "sort": "offers",
      "title": "Mais Vendidos",
      "headless": false,
      "limit": 12,
      "page": 1
    },
    {
      "type": "marketing",
      "enabled": true
    },
    {
      "type": "collection-shelf",
      "shuffle": true,
      "collection_id": null,
      "sort": "news",
      "title": "Mais Vistos",
      "headless": false,
      "limit": 12,
      "page": 1
    },
    {
      "type": "multi-collection-shelf",
      "shuffle": true,
      "collection_ids": [
        "6432d53b4bd2e929c1c70b8c:categories:Acessórios",
        "6432d2d44bd2e929c1c708f0:categories:Vestuário"
      ],
      "sort": "offers",
      "title": "Escolha Por Categoria",
      "headless": false,
      "limit": 12,
      "page": 1
    }
  ]
}